Workbook

Sheet Lista Unificada
A1: Dotación consultorio de medicina general — lista unificada para cotización
A2: Valores aproximados en pesos colombianos (COP), mercado colombiano 2026. Incluye la lista del Dr. Sergio Durán (PDF “Dotación necesaria para los consultorios”). Celdas amarillas = ítems adicionales.
A4: # | B4: Categoría | C4: Implemento | D4: Especificación | E4: Cantidad | F4: Unidad | G4: Valor unitario aprox. (COP) | H4: Valor total aprox. (COP) | I4: Prioridad | J4: Fuente | K4: Observaciones
A5: 1 | B5: Equipos biomédicos | C5: Tensiómetro aneroide adulto | D5: Con brazalete adulto estándar, calibrado | E5: 1 | F5: Unidad | G5: 150000 | H5: =IF(OR(E5="",G5=""),"",E5*G5) | I5: Obligatorio | J5: Dotación básica | K5: Requiere hoja de vida y plan de calibración anual
A6: 2 | B6: Equipos biomédicos | C6: Brazaletes adicionales | D6: Pediátrico y adulto obeso | E6: 2 | F6: Unidad | G6: 60000 | H6: =IF(OR(E6="",G6=""),"",E6*G6) | I6: Obligatorio | J6: Dotación básica
A7: 3 | B7: Equipos biomédicos | C7: Tensiómetro digital de brazo | D7: Automático, validado clínicamente | E7: 1 | F7: Unidad | G7: 250000 | H7: =IF(OR(E7="",G7=""),"",E7*G7) | I7: Recomendado | J7: Dotación básica
A8: 4 | B8: Equipos biomédicos | C8: Fonendoscopio | D8: Doble campana, tipo Littmann Classic III o similar | E8: 1 | F8: Unidad | G8: 650000 | H8: =IF(OR(E8="",G8=""),"",E8*G8) | I8: Obligatorio | J8: Dotación básica | K8: Marcas genéricas desde ~150.000
A9: 5 | B9: Equipos biomédicos | C9: Equipo de órganos de los sentidos | D9: Otoscopio + oftalmoscopio portátil, halógeno/LED | E9: 1 | F9: Kit | G9: 1500000 | H9: =IF(OR(E9="",G9=""),"",E9*G9) | I9: Obligatorio | J9: Dotación básica | K9: Welch Allyn/Riester; versión de pared ~3.500.000
A10: 6 | B10: Equipos biomédicos | C10: Termómetro digital de contacto | D10: Punta flexible | E10: 2 | F10: Unidad | G10: 20000 | H10: =IF(OR(E10="",G10=""),"",E10*G10) | I10: Obligatorio | J10: Ambas | K10: Dr. Durán: 'Termómetro' (botiquín)
A11: 7 | B11: Equipos biomédicos | C11: Termómetro infrarrojo | D11: Frente, sin contacto | E11: 1 | F11: Unidad | G11: 120000 | H11: =IF(OR(E11="",G11=""),"",E11*G11) | I11: Recomendado | J11: Dotación básica
A12: 8 | B12: Equipos biomédicos | C12: Pulsioxímetro | D12: De dedo, adulto/pediátrico | E12: 1 | F12: Unidad | G12: 120000 | H12: =IF(OR(E12="",G12=""),"",E12*G12) | I12: Obligatorio | J12: Dotación básica
A13: 9 | B13: Equipos biomédicos | C13: Glucómetro | D13: Kit con lancetero | E13: 1 | F13: Kit | G13: 90000 | H13: =IF(OR(E13="",G13=""),"",E13*G13) | I13: Recomendado | J13: Dotación básica
A14: 10 | B14: Equipos biomédicos | C14: Báscula de pie con tallímetro | D14: Digital o mecánica, hasta 180 kg | E14: 1 | F14: Unidad | G14: 950000 | H14: =IF(OR(E14="",G14=""),"",E14*G14) | I14: Obligatorio | J14: Dotación básica
A15: 11 | B15: Equipos biomédicos | C15: Báscula pesabebés | D15: Digital, hasta 20 kg | E15: 1 | F15: Unidad | G15: 450000 | H15: =IF(OR(E15="",G15=""),"",E15*G15) | I15: Obligatorio | J15: Dotación básica | K15: Si se atiende población pediátrica
A16: 12 | B16: Equipos biomédicos | C16: Infantómetro | D16: Para medición en decúbito | E16: 1 | F16: Unidad | G16: 180000 | H16: =IF(OR(E16="",G16=""),"",E16*G16) | I16: Obligatorio | J16: Dotación básica | K16: Si se atiende población pediátrica
A17: 13 | B17: Equipos biomédicos | C17: Cinta métrica | D17: Inextensible, para perímetros | E17: 2 | F17: Unidad | G17: 15000 | H17: =IF(OR(E17="",G17=""),"",E17*G17) | I17: Obligatorio | J17: Dotación básica
A18: 14 | B18: Equipos biomédicos | C18: Martillo de reflejos | D18: Tipo Taylor | E18: 1 | F18: Unidad | G18: 25000 | H18: =IF(OR(E18="",G18=""),"",E18*G18) | I18: Obligatorio | J18: Dotación básica
A19: 15 | B19: Equipos biomédicos | C19: Diapasón | D19: 128 Hz | E19: 1 | F19: Unidad | G19: 60000 | H19: =IF(OR(E19="",G19=""),"",E19*G19) | I19: Recomendado | J19: Dotación básica
A20: 16 | B20: Equipos biomédicos | C20: Monofilamento 10 g | D20: Tamizaje pie diabético | E20: 1 | F20: Unidad | G20: 25000 | H20: =IF(OR(E20="",G20=""),"",E20*G20) | I20: Recomendado | J20: Dotación básica
A21: 17 | B21: Equipos biomédicos | C21: Linterna de diagnóstico | D21: LED, tipo lápiz | E21: 1 | F21: Unidad | G21: 40000 | H21: =IF(OR(E21="",G21=""),"",E21*G21) | I21: Obligatorio | J21: Dotación básica
A22: 18 | B22: Equipos biomédicos | C22: Tabla de Snellen | D22: Optotipos adulto/infantil | E22: 1 | F22: Unidad | G22: 30000 | H22: =IF(OR(E22="",G22=""),"",E22*G22) | I22: Obligatorio | J22: Dotación básica
A23: 19 | B23: Equipos biomédicos | C23: Negatoscopio | D23: 1 cuerpo, LED | E23: 1 | F23: Unidad | G23: 350000 | H23: =IF(OR(E23="",G23=""),"",E23*G23) | I23: Opcional | J23: Dotación básica
A24: 20 | B24: Equipos biomédicos | C24: Electrocardiógrafo | D24: 3 canales, con interpretación | E24: 1 | F24: Unidad | G24: 4500000 | H24: =IF(OR(E24="",G24=""),"",E24*G24) | I24: Opcional | J24: Dotación básica
A25: 21 | B25: Mobiliario clínico | C25: Camilla de examen | D25: Tapizado sanitario, cabecera graduable | E25: 1 | F25: Unidad | G25: 750000 | H25: =IF(OR(E25="",G25=""),"",E25*G25) | I25: Obligatorio | J25: Dotación básica
A26: 22 | B26: Mobiliario clínico | C26: Escalerilla | D26: 2 pasos, antideslizante | E26: 1 | F26: Unidad | G26: 180000 | H26: =IF(OR(E26="",G26=""),"",E26*G26) | I26: Obligatorio | J26: Dotación básica
A27: 23 | B27: Mobiliario clínico | C27: Lámpara de examen | D27: Cuello de cisne, LED, rodachinas | E27: 1 | F27: Unidad | G27: 450000 | H27: =IF(OR(E27="",G27=""),"",E27*G27) | I27: Obligatorio | J27: Dotación básica
A28: 24 | B28: Mobiliario clínico | C28: Mesa auxiliar / de Mayo | D28: Acero inoxidable | E28: 1 | F28: Unidad | G28: 350000 | H28: =IF(OR(E28="",G28=""),"",E28*G28) | I28: Recomendado | J28: Dotación básica
A29: 25 | B29: Mobiliario clínico | C29: Biombo | D29: 2-3 cuerpos, lavable | E29: 1 | F29: Unidad | G29: 450000 | H29: =IF(OR(E29="",G29=""),"",E29*G29) | I29: Obligatorio | J29: Dotación básica | K29: Privacidad del paciente
A30: 26 | B30: Mobiliario clínico | C30: Taburete giratorio | D30: Altura graduable, rodachinas | E30: 1 | F30: Unidad | G30: 250000 | H30: =IF(OR(E30="",G30=""),"",E30*G30) | I30: Recomendado | J30: Dotación básica
A31: 27 | B31: Mobiliario clínico | C31: Vitrina para insumos | D31: Metálica, puertas de vidrio | E31: 1 | F31: Unidad | G31: 800000 | H31: =IF(OR(E31="",G31=""),"",E31*G31) | I31: Recomendado | J31: Dotación básica
A32: 28 | B32: Mobiliario de oficina | C32: Escritorio | D32: Superficie lavable | E32: 1 | F32: Unidad | G32: 600000 | H32: =IF(OR(E32="",G32=""),"",E32*G32) | I32: Obligatorio | J32: Dotación básica
A33: 29 | B33: Mobiliario de oficina | C33: Silla ergonómica médico | D33: Con rodachinas | E33: 1 | F33: Unidad | G33: 450000 | H33: =IF(OR(E33="",G33=""),"",E33*G33) | I33: Obligatorio | J33: Dotación básica
A34: 30 | B34: Mobiliario de oficina | C34: Sillas paciente / acompañante | D34: Tapizado lavable | E34: 2 | F34: Unidad | G34: 150000 | H34: =IF(OR(E34="",G34=""),"",E34*G34) | I34: Obligatorio | J34: Dotación básica
A35: 31 | B35: Mobiliario de oficina | C35: Archivador | D35: 4 gavetas, con llave | E35: 1 | F35: Unidad | G35: 700000 | H35: =IF(OR(E35="",G35=""),"",E35*G35) | I35: Recomendado | J35: Dotación básica | K35: Custodia de documentos
A36: 32 | B36: Tecnología | C36: Computador | D36: Para historia clínica electrónica | E36: 1 | F36: Unidad | G36: 2800000 | H36: =IF(OR(E36="",G36=""),"",E36*G36) | I36: Obligatorio | J36: Dotación básica
A37: 33 | B37: Tecnología | C37: Impresora multifuncional | D37: Láser | E37: 1 | F37: Unidad | G37: 700000 | H37: =IF(OR(E37="",G37=""),"",E37*G37) | I37: Recomendado | J37: Dotación básica
A38: 34 | B38: Instrumental | C38: Equipo de pequeña cirugía | D38: Porta agujas, pinzas con/sin garra, tijeras, mango de bisturí | E38: 2 | F38: Kit | G38: 250000 | H38: =IF(OR(E38="",G38=""),"",E38*G38) | I38: Recomendado | J38: Dotación básica | K38: Si se realizan procedimientos menores
A39: 35 | B39: Instrumental | C39: Pinza de Kelly | D39: Recta/curva, 14 cm | E39: 2 | F39: Unidad | G39: 30000 | H39: =IF(OR(E39="",G39=""),"",E39*G39) | I39: Recomendado | J39: Dotación básica
A40: 36 | B40: Instrumental | C40: Riñonera | D40: Acero inoxidable | E40: 2 | F40: Unidad | G40: 35000 | H40: =IF(OR(E40="",G40=""),"",E40*G40) | I40: Obligatorio | J40: Dotación básica
A41: 37 | B41: Instrumental | C41: Bandeja con tapa | D41: Acero inoxidable | E41: 2 | F41: Unidad | G41: 90000 | H41: =IF(OR(E41="",G41=""),"",E41*G41) | I41: Recomendado | J41: Dotación básica
A42: 38 | B42: Emergencias | C42: Resucitador manual adulto | D42: Con mascarillas y reservorio | E42: 1 | F42: Unidad | G42: 180000 | H42: =IF(OR(E42="",G42=""),"",E42*G42) | I42: Obligatorio | J42: Dotación básica
A43: 39 | B43: Emergencias | C43: Resucitador manual pediátrico | D43: Con mascarillas y reservorio | E43: 1 | F43: Unidad | G43: 180000 | H43: =IF(OR(E43="",G43=""),"",E43*G43) | I43: Recomendado | J43: Dotación básica
A44: 40 | B44: Emergencias | C44: Cánulas orofaríngeas | D44: Juego de tallas | E44: 1 | F44: Juego | G44: 40000 | H44: =IF(OR(E44="",G44=""),"",E44*G44) | I44: Obligatorio | J44: Dotación básica
A45: 41 | B45: Emergencias | C45: Desfibrilador externo automático (DEA) | D45: Con parches adulto/pediátrico | E45: 1 | F45: Unidad | G45: 6500000 | H45: =IF(OR(E45="",G45=""),"",E45*G45) | I45: Opcional | J45: Dotación básica
A46: 42 | B46: Bioseguridad y residuos | C46: Caneca roja de pedal | D46: Residuos biosanitarios | E46: 1 | F46: Unidad | G46: 90000 | H46: =IF(OR(E46="",G46=""),"",E46*G46) | I46: Obligatorio | J46: Dotación básica | K46: Gestión de residuos hospitalarios
A47: 43 | B47: Bioseguridad y residuos | C47: Canecas de pedal blanca / negra | D47: Aprovechables / no aprovechables | E47: 2 | F47: Unidad | G47: 80000 | H47: =IF(OR(E47="",G47=""),"",E47*G47) | I47: Obligatorio | J47: Dotación básica
A48: 44 | B48: Bioseguridad y residuos | C48: Guardián | D48: Contenedor de cortopunzantes 1,5 L | E48: 3 | F48: Unidad | G48: 12000 | H48: =IF(OR(E48="",G48=""),"",E48*G48) | I48: Obligatorio | J48: Dotación básica
A49: 45 | B49: Bioseguridad y residuos | C49: Bolsas rojas | D49: Paquete x50 | E49: 2 | F49: Paquete | G49: 25000 | H49: =IF(OR(E49="",G49=""),"",E49*G49) | I49: Obligatorio | J49: Dotación básica
A50: 46 | B50: Bioseguridad y residuos | C50: Dispensadores jabón y toallas | D50: Para lavamanos | E50: 1 | F50: Juego | G50: 120000 | H50: =IF(OR(E50="",G50=""),"",E50*G50) | I50: Obligatorio | J50: Ambas | K50: Dr. Durán pide el jabón y las toallas (ver Aseo)
A51: 47 | B51: Bioseguridad y residuos | C51: Kit de derrames | D51: Material absorbente, EPP, bolsas | E51: 1 | F51: Kit | G51: 150000 | H51: =IF(OR(E51="",G51=""),"",E51*G51) | I51: Obligatorio | J51: Dotación básica
A52: 48 | B52: Consumibles | C52: Guantes de examen de nitrilo | D52: Caja x100 | E52: 5 | F52: Caja | G52: 30000 | H52: =IF(OR(E52="",G52=""),"",E52*G52) | I52: Obligatorio | J52: Ambas | K52: Dr. Durán: 'Guantes de examen' y 'Guantes desechables'
A53: 49 | B53: Consumibles | C53: Guantes estériles | D53: Caja x50 pares | E53: 1 | F53: Caja | G53: 90000 | H53: =IF(OR(E53="",G53=""),"",E53*G53) | I53: Recomendado | J53: Dotación básica
A54: 50 | B54: Consumibles | C54: Tapabocas quirúrgicos | D54: Caja x50 | E54: 3 | F54: Caja | G54: 15000 | H54: =IF(OR(E54="",G54=""),"",E54*G54) | I54: Obligatorio | J54: Dotación básica
A55: 51 | B55: Consumibles | C55: Respiradores N95 | D55: Caja x20 | E55: 1 | F55: Caja | G55: 60000 | H55: =IF(OR(E55="",G55=""),"",E55*G55) | I55: Recomendado | J55: Dotación básica
A56: 52 | B56: Consumibles | C56: Papel para camilla | D56: Rollo | E56: 6 | F56: Rollo | G56: 25000 | H56: =IF(OR(E56="",G56=""),"",E56*G56) | I56: Obligatorio | J56: Dotación básica
A57: 53 | B57: Consumibles | C57: Bajalenguas | D57: Caja x100 | E57: 3 | F57: Caja | G57: 8000 | H57: =IF(OR(E57="",G57=""),"",E57*G57) | I57: Obligatorio | J57: Dotación básica
A58: 54 | B58: Consumibles | C58: Gasas estériles | D58: Paquete x100 | E58: 2 | F58: Paquete | G58: 30000 | H58: =IF(OR(E58="",G58=""),"",E58*G58) | I58: Obligatorio | J58: Ambas | K58: Dr. Durán: gasas para retiro de puntos y botiquín
A59: 55 | B59: Consumibles | C59: Algodón | D59: 500 g | E59: 1 | F59: Unidad | G59: 15000 | H59: =IF(OR(E59="",G59=""),"",E59*G59) | I59: Obligatorio | J59: Ambas | K59: Dr. Durán: botiquín
A60: 56 | B60: Consumibles | C60: Alcohol antiséptico 70% | D60: Litro | E60: 2 | F60: Unidad | G60: 18000 | H60: =IF(OR(E60="",G60=""),"",E60*G60) | I60: Obligatorio | J60: Ambas | K60: Dr. Durán: botiquín
A61: 57 | B61: Consumibles | C61: Gel antibacterial | D61: Litro | E61: 3 | F61: Unidad | G61: 20000 | H61: =IF(OR(E61="",G61=""),"",E61*G61) | I61: Obligatorio | J61: Dotación básica
A62: 58 | B62: Consumibles | C62: Clorhexidina jabonosa 4% | D62: Frasco 1 L | E62: 1 | F62: Unidad | G62: 45000 | H62: =IF(OR(E62="",G62=""),"",E62*G62) | I62: Recomendado | J62: Dotación básica
A63: 59 | B63: Consumibles | C63: Desinfectante de superficies | D63: Amonio cuaternario, galón | E63: 2 | F63: Galón | G63: 60000 | H63: =IF(OR(E63="",G63=""),"",E63*G63) | I63: Obligatorio | J63: Dotación básica
A64: 60 | B64: Consumibles | C64: Jeringas desechables 5 ml | D64: Caja x100 | E64: 1 | F64: Caja | G64: 45000 | H64: =IF(OR(E64="",G64=""),"",E64*G64) | I64: Recomendado | J64: Dotación básica
A65: 61 | B65: Consumibles | C65: Suturas nylon 3-0 / 4-0 | D65: Caja x12 | E65: 2 | F65: Caja | G65: 90000 | H65: =IF(OR(E65="",G65=""),"",E65*G65) | I65: Recomendado | J65: Dotación básica
A66: 62 | B66: Consumibles | C66: Hojas de bisturí | D66: Caja x100 | E66: 1 | F66: Caja | G66: 45000 | H66: =IF(OR(E66="",G66=""),"",E66*G66) | I66: Recomendado | J66: Dotación básica
A67: 63 | B67: Consumibles | C67: Tiras de glucometría | D67: Caja x50 | E67: 2 | F67: Caja | G67: 70000 | H67: =IF(OR(E67="",G67=""),"",E67*G67) | I67: Recomendado | J67: Dotación básica
A68: 64 | B68: Consumibles | C68: Espéculos vaginales desechables | D68: Talla M, paquete x25 | E68: 2 | F68: Paquete | G68: 45000 | H68: =IF(OR(E68="",G68=""),"",E68*G68) | I68: Recomendado | J68: Dotación básica | K68: Si se toma citología
A69: 65 | B69: Atención de pacientes | C69: Caja menor con llave | D69: Metálica, para guardar dinero de caja chica | E69: 1 | F69: Unidad | G69: 80000 | H69: =IF(OR(E69="",G69=""),"",E69*G69) | I69: Recomendado | J69: Dr. Sergio Durán | K69: Dr. Durán: 'Caja chica (para almacenamiento) – para guardar dinero'
A70: 66 | B70: Instrumental | C70: Kit para retiro de puntos | D70: Tijera de retiro de puntos (Spencer) + pinza de disección | E70: 2 | F70: Kit | G70: 60000 | H70: =IF(OR(E70="",G70=""),"",E70*G70) | I70: Obligatorio | J70: Dr. Sergio Durán | K70: Gasas incluidas en Consumibles; según protocolo
A71: 67 | B71: Papelería y oficina | C71: Lapiceros, lápices y marcadores | D71: Surtido (incluye resaltadores) | E71: 1 | F71: Lote | G71: 50000 | H71: =IF(OR(E71="",G71=""),"",E71*G71) | I71: Obligatorio | J71: Dr. Sergio Durán
A72: 68 | B72: Papelería y oficina | C72: Engrapadora (cosedora) | D72: Con caja de ganchos | E72: 1 | F72: Unidad | G72: 25000 | H72: =IF(OR(E72="",G72=""),"",E72*G72) | I72: Obligatorio | J72: Dr. Sergio Durán
A73: 69 | B73: Papelería y oficina | C73: Clips para papel | D73: Caja x100 | E73: 2 | F73: Caja | G73: 5000 | H73: =IF(OR(E73="",G73=""),"",E73*G73) | I73: Obligatorio | J73: Dr. Sergio Durán
A74: 70 | B74: Papelería y oficina | C74: Sacaganchos | D74: Metálico | E74: 1 | F74: Unidad | G74: 5000 | H74: =IF(OR(E74="",G74=""),"",E74*G74) | I74: Obligatorio | J74: Dr. Sergio Durán
A75: 71 | B75: Papelería y oficina | C75: Perforadora | D75: 2 huecos | E75: 1 | F75: Unidad | G75: 25000 | H75: =IF(OR(E75="",G75=""),"",E75*G75) | I75: Obligatorio | J75: Dr. Sergio Durán
A76: 72 | B76: Papelería y oficina | C76: Resma de papel tamaño carta | D76: 500 hojas, 75 g | E76: 5 | F76: Resma | G76: 25000 | H76: =IF(OR(E76="",G76=""),"",E76*G76) | I76: Obligatorio | J76: Dr. Sergio Durán
A77: 73 | B77: Papelería y oficina | C77: Mostrador de sobres y carpetas | D77: Organizador de escritorio / revistero | E77: 1 | F77: Unidad | G77: 60000 | H77: =IF(OR(E77="",G77=""),"",E77*G77) | I77: Recomendado | J77: Dr. Sergio Durán
A78: 74 | B78: Papelería y oficina | C78: Formatos de informes | D78: Impresión de formatos (lote) | E78: 1 | F78: Lote | G78: 80000 | H78: =IF(OR(E78="",G78=""),"",E78*G78) | I78: Obligatorio | J78: Dr. Sergio Durán | K78: Depende de cantidad y tipo de formato
A79: 75 | B79: Papelería y oficina | C79: Tinta para sello y almohadilla | D79: Almohadilla + frasco de tinta | E79: 1 | F79: Juego | G79: 20000 | H79: =IF(OR(E79="",G79=""),"",E79*G79) | I79: Recomendado | J79: Dr. Sergio Durán
A80: 76 | B80: Papelería y oficina | C80: Tijeras de oficina | D80: Punta roma | E80: 1 | F80: Unidad | G80: 8000 | H80: =IF(OR(E80="",G80=""),"",E80*G80) | I80: Obligatorio | J80: Dr. Sergio Durán
A81: 77 | B81: Papelería y oficina | C81: Cinta adhesiva | D81: Rollo transparente | E81: 3 | F81: Rollo | G81: 4000 | H81: =IF(OR(E81="",G81=""),"",E81*G81) | I81: Obligatorio | J81: Dr. Sergio Durán
A82: 78 | B82: Papelería y oficina | C82: Pegamento | D82: Barra 40 g | E82: 2 | F82: Unidad | G82: 5000 | H82: =IF(OR(E82="",G82=""),"",E82*G82) | I82: Obligatorio | J82: Dr. Sergio Durán
A83: 79 | B83: Papelería y oficina | C83: Calculadora | D83: De escritorio, 12 dígitos | E83: 1 | F83: Unidad | G83: 40000 | H83: =IF(OR(E83="",G83=""),"",E83*G83) | I83: Recomendado | J83: Dr. Sergio Durán
A84: 80 | B84: Papelería y oficina | C84: Libretas | D84: Cuaderno / libreta de notas | E84: 5 | F84: Unidad | G84: 6000 | H84: =IF(OR(E84="",G84=""),"",E84*G84) | I84: Obligatorio | J84: Dr. Sergio Durán
A85: 81 | B85: Papelería y oficina | C85: Repuestos (bolígrafos, etc.) | D85: Minas, grapas, cartuchos varios | E85: 1 | F85: Lote | G85: 20000 | H85: =IF(OR(E85="",G85=""),"",E85*G85) | I85: Recomendado | J85: Dr. Sergio Durán
A86: 82 | B86: Aseo y baño | C86: Papel higiénico | D86: Paquete x12 rollos institucional | E86: 2 | F86: Paquete | G86: 40000 | H86: =IF(OR(E86="",G86=""),"",E86*G86) | I86: Obligatorio | J86: Dr. Sergio Durán
A87: 83 | B87: Aseo y baño | C87: Jabón de manos | D87: Líquido antibacterial, galón | E87: 2 | F87: Galón | G87: 35000 | H87: =IF(OR(E87="",G87=""),"",E87*G87) | I87: Obligatorio | J87: Dr. Sergio Durán
A88: 84 | B88: Aseo y baño | C88: Toallas de papel | D88: Interfoliadas, paquete x150 (fardo) | E88: 2 | F88: Fardo | G88: 60000 | H88: =IF(OR(E88="",G88=""),"",E88*G88) | I88: Obligatorio | J88: Dr. Sergio Durán | K88: Se prefieren de papel sobre tela por bioseguridad
A89: 85 | B89: Aseo y baño | C89: Ambientador | D89: Aerosol | E89: 2 | F89: Unidad | G89: 15000 | H89: =IF(OR(E89="",G89=""),"",E89*G89) | I89: Recomendado | J89: Dr. Sergio Durán
A90: 86 | B90: Botiquín de primeros auxilios | C90: Botiquín | D90: Gabinete o maletín con compartimentos | E90: 1 | F90: Unidad | G90: 60000 | H90: =IF(OR(E90="",G90=""),"",E90*G90) | I90: Obligatorio | J90: Dr. Sergio Durán
A91: 87 | B91: Botiquín de primeros auxilios | C91: Curitas | D91: Caja x100 | E91: 1 | F91: Caja | G91: 15000 | H91: =IF(OR(E91="",G91=""),"",E91*G91) | I91: Obligatorio | J91: Dr. Sergio Durán | K91: Gasas, algodón, guantes, termómetro y alcohol ya están en la lista
A92: 88 | B92: Botiquín de primeros auxilios | C92: Medicamentos básicos | D92: Acetaminofén, loratadina, sales de rehidratación, antiácido | E92: 1 | F92: Lote | G92: 100000 | H92: =IF(OR(E92="",G92=""),"",E92*G92) | I92: Recomendado | J92: Dr. Sergio Durán | K92: Definir listado con el Dr. Durán
A93: 89 | B93: Botiquín de primeros auxilios | C93: Ibuprofeno 400 mg | D93: Caja x50 tabletas | E93: 2 | F93: Caja | G93: 15000 | H93: =IF(OR(E93="",G93=""),"",E93*G93) | I93: Recomendado | J93: Dr. Sergio Durán
A94: Filas libres para ítems adicionales
A95: 90 | H95: =IF(OR(E95="",G95=""),"",E95*G95)
A96: 91 | H96: =IF(OR(E96="",G96=""),"",E96*G96)
A97: 92 | H97: =IF(OR(E97="",G97=""),"",E97*G97)
A98: 93 | H98: =IF(OR(E98="",G98=""),"",E98*G98)
A99: 94 | H99: =IF(OR(E99="",G99=""),"",E99*G99)
A100: 95 | H100: =IF(OR(E100="",G100=""),"",E100*G100)
A101: 96 | H101: =IF(OR(E101="",G101=""),"",E101*G101)
...

Sheet Resumen
A1: Resumen de la cotización
A3: Por categoría | B3: Valor aprox. (COP)
A4: Equipos biomédicos | B4: =SUMIFS('Lista Unificada'!$H$5:$H$104,'Lista Unificada'!$B$5:$B$104,A4)
A5: Mobiliario clínico | B5: =SUMIFS('Lista Unificada'!$H$5:$H$104,'Lista Unificada'!$B$5:$B$104,A5)
A6: Mobiliario de oficina | B6: =SUMIFS('Lista Unificada'!$H$5:$H$104,'Lista Unificada'!$B$5:$B$104,A6)
A7: Tecnología | B7: =SUMIFS('Lista Unificada'!$H$5:$H$104,'Lista Unificada'!$B$5:$B$104,A7)
A8: Instrumental | B8: =SUMIFS('Lista Unificada'!$H$5:$H$104,'Lista Unificada'!$B$5:$B$104,A8)
A9: Emergencias | B9: =SUMIFS('Lista Unificada'!$H$5:$H$104,'Lista Unificada'!$B$5:$B$104,A9)
A10: Bioseguridad y residuos | B10: =SUMIFS('Lista Unificada'!$H$5:$H$104,'Lista Unificada'!$B$5:$B$104,A10)
A11: Consumibles | B11: =SUMIFS('Lista Unificada'!$H$5:$H$104,'Lista Unificada'!$B$5:$B$104,A11)
A12: Atención de pacientes | B12: =SUMIFS('Lista Unificada'!$H$5:$H$104,'Lista Unificada'!$B$5:$B$104,A12)
A13: Papelería y oficina | B13: =SUMIFS('Lista Unificada'!$H$5:$H$104,'Lista Unificada'!$B$5:$B$104,A13)
A14: Aseo y baño | B14: =SUMIFS('Lista Unificada'!$H$5:$H$104,'Lista Unificada'!$B$5:$B$104,A14)
A15: Botiquín de primeros auxilios | B15: =SUMIFS('Lista Unificada'!$H$5:$H$104,'Lista Unificada'!$B$5:$B$104,A15)
A16: Otras categorías / sin clasificar | B16: ='Lista Unificada'!H105-SUM(B4:B15)
A17: TOTAL (1 consultorio) | B17: ='Lista Unificada'!H105
A18: Consultorios a dotar | B18: 1
A19: TOTAL GENERAL | B19: =B17*B18
A21: Por fuente | B21: Valor aprox. (COP)
A22: Dotación básica | B22: =SUMIFS('Lista Unificada'!$H$5:$H$104,'Lista Unificada'!$J$5:$J$104,A22)
A23: Dr. Sergio Durán | B23: =SUMIFS('Lista Unificada'!$H$5:$H$104,'Lista Unificada'!$J$5:$J$104,A23)
A24: Ambas | B24: =SUMIFS('Lista Unificada'!$H$5:$H$104,'Lista Unificada'!$J$5:$J$104,A24)
A26: Por prioridad | B26: Valor aprox. (COP)
A27: Obligatorio | B27: =SUMIFS('Lista Unificada'!$H$5:$H$104,'Lista Unificada'!$I$5:$I$104,A27)
A28: Recomendado | B28: =SUMIFS('Lista Unificada'!$H$5:$H$104,'Lista Unificada'!$I$5:$I$104,A28)
A29: Opcional | B29: =SUMIFS('Lista Unificada'!$H$5:$H$104,'Lista Unificada'!$I$5:$I$104,A29)
A31: Notas y supuestos:
A32: • Valores aproximados en COP (2026), referencia de distribuidores de dispositivos médicos en Colombia; variación esperada ±20-30%.
A33: • Prioridad orientativa según requisitos típicos de habilitación de consulta externa de medicina general (Resolución 3100 de 2019); verificar con la Secretaría de Salud.
A34: • Los equipos biomédicos requieren registro INVIMA, hoja de vida y plan de mantenimiento/calibración.
A35: • Cantidades pensadas para 1 consultorio y dotación inicial de consumibles (~1 mes).
A36: • Fuente 'Ambas' = ítem pedido por el Dr. Durán que ya estaba en la dotación básica (se unificó sin duplicar).
A37: • Según el Dr. Durán, el consultorio 1104 necesita la misma dotación que el 1105-01. Ajuste 'Consultorios a dotar' arriba.
A38: • Filas amarillas de 'Lista Unificada' = ítems adicionales; el total se actualiza solo.
